246-203-67,246-203-68,246-203-69,246-203-70,246-203-71,246-203-72,246-203-73,246-203-74,246-203-75,246-203-76,246-203-77,246-203-78,246-203-79,246-203-80,246-203-81,246-203-82,246-203-83,246-203-84,246-203-85,246-203-67
246-203-67,246-203-68,246-203-69,246-203-70,246-203-71,246-203-72,246-203-73,246-203-74,246-203-75,246-203-76,246-203-77,246-203-78,246-203-79,246-203-80,246-203-81,246-203-82,246-203-83,246-203-84,246-203-85,246-203-67
246-203-67,246-203-68,246-203-69,246-203-70,246-203-71,246-203-72,246-203-73,246-203-74,246-203-75,246-203-76,246-203-77,246-203-78,246-203-79,246-203-80,246-203-81,246-203-82,246-203-83,246-203-84,246-203-85,246-203-67
246-203-67,246-203-68,246-203-69,246-203-70,246-203-71,246-203-72,246-203-73,246-203-74,246-203-75,246-203-76,246-203-77,246-203-78,246-203-79,246-203-80,246-203-81,246-203-82,246-203-83,246-203-84,246-203-85,246-203-67
246-203-67,246-203-68,246-203-69,246-203-70,246-203-71,246-203-72,246-203-73,246-203-74,246-203-75,246-203-76,246-203-77,246-203-78,246-203-79,246-203-80,246-203-81,246-203-82,246-203-83,246-203-84,246-203-85,246-203-67
246-203-67,246-203-68,246-203-69,246-203-70,246-203-71,246-203-72,246-203-73,246-203-74,246-203-75,246-203-76,246-203-77,246-203-78,246-203-79,246-203-80,246-203-81,246-203-82,246-203-83,246-203-84,246-203-85,246-203-67
246-203-67,246-203-68,246-203-69,246-203-70,246-203-71,246-203-72,246-203-73,246-203-74,246-203-75,246-203-76,246-203-77,246-203-78,246-203-79,246-203-80,246-203-81,246-203-82,246-203-83,246-203-84,246-203-85,246-203-67
246-203-67,246-203-68,246-203-69,246-203-70,246-203-71,246-203-72,246-203-73,246-203-74,246-203-75,246-203-76,246-203-77,246-203-78,246-203-79,246-203-80,246-203-81,246-203-82,246-203-83,246-203-84,246-203-85,246-203-67
246-203-67,246-203-68,246-203-69,246-203-70,246-203-71,246-203-72,246-203-73,246-203-74,246-203-75,246-203-76,246-203-77,246-203-78,246-203-79,246-203-80,246-203-81,246-203-82,246-203-83,246-203-84,246-203-85,246-203-67
246-203-67,246-203-68,246-203-69,246-203-70,246-203-71,246-203-72,246-203-73,246-203-74,246-203-75,246-203-76,246-203-77,246-203-78,246-203-79,246-203-80,246-203-81,246-203-82,246-203-83,246-203-84,246-203-85,246-203-67
246-203-67,246-203-68,246-203-69,246-203-70,246-203-71,246-203-72,246-203-73,246-203-74,246-203-75,246-203-76,246-203-77,246-203-78,246-203-79,246-203-80,246-203-81,246-203-82,246-203-83,246-203-84,246-203-85,246-203-67
246-203-67,246-203-68,246-203-69,246-203-70,246-203-71,246-203-72,246-203-73,246-203-74,246-203-75,246-203-76,246-203-77,246-203-78,246-203-79,246-203-80,246-203-81,246-203-82,246-203-83,246-203-84,246-203-85,246-203-67
246-203-67,246-203-68,246-203-69,246-203-70,246-203-71,246-203-72,246-203-73,246-203-74,246-203-75,246-203-76,246-203-77,246-203-78,246-203-79,246-203-80,246-203-81,246-203-82,246-203-83,246-203-84,246-203-85,246-203-67
246-203-67,246-203-68,246-203-69,246-203-70,246-203-71,246-203-72,246-203-73,246-203-74,246-203-75,246-203-76,246-203-77,246-203-78,246-203-79,246-203-80,246-203-81,246-203-82,246-203-83,246-203-84,246-203-85,246-203-67
246-203-67,246-203-68,246-203-69,246-203-70,246-203-71,246-203-72,246-203-73,246-203-74,246-203-75,246-203-76,246-203-77,246-203-78,246-203-79,246-203-80,246-203-81,246-203-82,246-203-83,246-203-84,246-203-85,246-203-67
246-203-67,246-203-68,246-203-69,246-203-70,246-203-71,246-203-72,246-203-73,246-203-74,246-203-75,246-203-76,246-203-77,246-203-78,246-203-79,246-203-80,246-203-81,246-203-82,246-203-83,246-203-84,246-203-85,246-203-67
246-203-67,246-203-68,246-203-69,246-203-70,246-203-71,246-203-72,246-203-73,246-203-74,246-203-75,246-203-76,246-203-77,246-203-78,246-203-79,246-203-80,246-203-81,246-203-82,246-203-83,246-203-84,246-203-85,246-203-67
246-203-67,246-203-68,246-203-69,246-203-70,246-203-71,246-203-72,246-203-73,246-203-74,246-203-75,246-203-76,246-203-77,246-203-78,246-203-79,246-203-80,246-203-81,246-203-82,246-203-83,246-203-84,246-203-85,246-203-67
246-203-67,246-203-68,246-203-69,246-203-70,246-203-71,246-203-72,246-203-73,246-203-74,246-203-75,246-203-76,246-203-77,246-203-78,246-203-79,246-203-80,246-203-81,246-203-82,246-203-83,246-203-84,246-203-85,246-203-67
246-203-67,246-203-67,246-203-67,246-203-67,246-203-67,246-203-67,246-203-67,246-203-67,246-203-67,246-203-67,246-203-67,246-203-67,246-203-67,246-203-67,246-203-67,246-203-67,246-203-67,246-203-67,246-203-67,246-203-67
